id,conversation_id,created_at,date,time,timezone,user_id,username,name,place,tweet,language,mentions,urls,photos,replies_count,retweets_count,likes_count,hashtags,cashtags,link,retweet,quote_url,video,thumbnail,near,geo,source,user_rt_id,user_rt,retweet_id,reply_to,retweet_date,translate,trans_src,trans_dest
1420215011172048906,1420212178745970692,2021-07-27 22:50:19 Hora est√°ndar de Venezuela,2021-07-27,22:50:19,-0400,771747228,lmnunez_,Luis Miguel N√∫√±ez,,@edioviedo  https://t.co/vFEL0sDPB1,und,[],[],['https://pbs.twimg.com/media/E7WeBT0WUAEKL3I.jpg'],3,1,1,[],[],https://twitter.com/lmnunez_/status/1420215011172048906,False,,1,https://pbs.twimg.com/media/E7WeBT0WUAEKL3I.jpg,,,,,,,[],,,,
1420213105834053634,1420213105834053634,2021-07-27 22:42:45 Hora est√°ndar de Venezuela,2021-07-27,22:42:45,-0400,771747228,lmnunez_,Luis Miguel N√∫√±ez,,Hay judo ü•ã voleibol üèê y halterofilia üèãÔ∏è‚Äç‚ôÄÔ∏è  ¬øDormir?  https://t.co/wlrsITylFZ,es,[],[],['https://pbs.twimg.com/media/E7WcSijXoAYOVOM.jpg'],1,1,13,[],[],https://twitter.com/lmnunez_/status/1420213105834053634,False,,1,https://pbs.twimg.com/media/E7WcSijXoAYOVOM.jpg,,,,,,,[],,,,
1420144722312564737,1420140554814476294,2021-07-27 18:11:01 Hora est√°ndar de Venezuela,2021-07-27,18:11:01,-0400,771747228,lmnunez_,Luis Miguel N√∫√±ez,,@WisnelkyJM Impresionante el cansancio de esta ma√±ana ajjajajaja,es,[],[],[],0,0,3,[],[],https://twitter.com/lmnunez_/status/1420144722312564737,False,,0,,,,,,,,"[{'screen_name': 'WisnelkyJM', 'name': 'Wisnelky Jimenez', 'id': '136489719'}]",,,,
1420138326217142272,1420138063582355458,2021-07-27 17:45:36 Hora est√°ndar de Venezuela,2021-07-27,17:45:36,-0400,771747228,lmnunez_,Luis Miguel N√∫√±ez,,@WilDelgado23 @migbastida @Julsregalado8  https://t.co/BSA11b1Cyk,und,[],[],['https://pbs.twimg.com/tweet_video_thumb/E7VYRpKWEAMR-iq.jpg'],1,0,0,[],[],https://twitter.com/lmnunez_/status/1420138326217142272,False,,1,https://pbs.twimg.com/tweet_video_thumb/E7VYRpKWEAMR-iq.jpg,,,,,,,"[{'screen_name': 'WilDelgado23', 'name': 'Wilder Delgado Su√°rez', 'id': '133859037'}, {'screen_name': 'migbastida', 'name': 'Miguel √Ångel Bastidas Campos', 'id': '95251535'}]",,,,
1420134660269555715,1420134660269555715,2021-07-27 17:31:02 Hora est√°ndar de Venezuela,2021-07-27,17:31:02,-0400,771747228,lmnunez_,Luis Miguel N√∫√±ez,,"Ser adolescente a finales de los 90‚Äôs y principio de 2000 era escuchar Nu metal o The Noise y Cuentos de la Cripta.  Siempre me fui por el rock aunque me dijeran come gato.  Qu√© chimbo que muri√≥ Joey Jordison, baterista de Sliknot, quien me acompa√±√≥ muchas veces en mis aud√≠fonos.  https://t.co/5S0ce4UgD0",es,[],[],"['https://pbs.twimg.com/media/E7VU8dsXoAYIF07.jpg', 'https://pbs.twimg.com/media/E7VU8duWYAAUsG5.jpg', 'https://pbs.twimg.com/media/E7VU8dtXEAEjGdx.jpg']",4,3,15,[],[],https://twitter.com/lmnunez_/status/1420134660269555715,False,,1,https://pbs.twimg.com/media/E7VU8dsXoAYIF07.jpg,,,,,,,[],,,,
1420114630270201860,1420114096083570690,2021-07-27 16:11:26 Hora est√°ndar de Venezuela,2021-07-27,16:11:26,-0400,771747228,lmnunez_,Luis Miguel N√∫√±ez,,"@AlejoFer1398 El Club de la Pelea, gran novela de Chuck Palaniuk!!",ro,[],[],[],2,0,3,[],[],https://twitter.com/lmnunez_/status/1420114630270201860,False,,0,,,,,,,,"[{'screen_name': 'AlejoFer1398', 'name': 'Alejandro Fern√°ndez', 'id': '3359819771'}]",,,,
1420111855549358083,1419867842657333252,2021-07-27 16:00:25 Hora est√°ndar de Venezuela,2021-07-27,16:00:25,-0400,771747228,lmnunez_,Luis Miguel N√∫√±ez,,"@Dereckb Jajajajajajja as√≠ estoy aqu√≠ en el canal, con cara de p√°lido.",es,[],[],[],0,0,0,[],[],https://twitter.com/lmnunez_/status/1420111855549358083,False,,0,,,,,,,,"[{'screen_name': 'Dereckb', 'name': 'Dereck Blanco', 'id': '51071935'}]",,,,
1419968343625408525,1419968170434207747,2021-07-27 06:30:09 Hora est√°ndar de Venezuela,2021-07-27,06:30:09,-0400,771747228,lmnunez_,Luis Miguel N√∫√±ez,,@jjsayago üëÄ,und,[],[],[],2,0,0,[],[],https://twitter.com/lmnunez_/status/1419968343625408525,False,,0,,,,,,,,"[{'screen_name': 'jjsayago', 'name': 'Juan Jos√© Sayago', 'id': '131214175'}]",,,,
1419961025819025434,1419961025819025434,2021-07-27 06:01:04 Hora est√°ndar de Venezuela,2021-07-27,06:01:04,-0400,771747228,lmnunez_,Luis Miguel N√∫√±ez,,Qu√© dif√≠cil dormir con este despecho deportivo üíîü§Ø,es,[],[],[],4,3,26,[],[],https://twitter.com/lmnunez_/status/1419961025819025434,False,,0,,,,,,,,[],,,,
1419942046849187850,1419876894107971597,2021-07-27 04:45:39 Hora est√°ndar de Venezuela,2021-07-27,04:45:39,-0400,771747228,lmnunez_,Luis Miguel N√∫√±ez,,@jcleonavila S√≠. Falta un combate,es,[],[],[],0,0,1,[],[],https://twitter.com/lmnunez_/status/1419942046849187850,False,,0,,,,,,,,"[{'screen_name': 'jcleonavila', 'name': 'Juan Carlos Leon', 'id': '188002760'}]",,,,
1419895383338242054,1419894629462429708,2021-07-27 01:40:14 Hora est√°ndar de Venezuela,2021-07-27,01:40:14,-0400,771747228,lmnunez_,Luis Miguel N√∫√±ez,,@JOHNHATE Manda caf√© ‚òïÔ∏è,pt,[],[],[],1,0,2,[],[],https://twitter.com/lmnunez_/status/1419895383338242054,False,,0,,,,,,,,"[{'screen_name': 'JOHNHATE', 'name': 'John Jairo Gonz√°lez Gonz√°lez üáªüòáüê∂‚ö°üë´üèÄ‚öΩ‚öæüèàüéÆ üì∑', 'id': '81695554'}]",,,,
1419892888843046922,1419892153090727937,2021-07-27 01:30:19 Hora est√°ndar de Venezuela,2021-07-27,01:30:19,-0400,771747228,lmnunez_,Luis Miguel N√∫√±ez,,@FranjolysBorges Ojal√° no se lo tom√© mal. Esa chama tiene sus propios problemas y situaciones. Una l√°stima porque fue la cara m√°s visible de la inauguraci√≥n.,es,[],[],[],2,0,0,[],[],https://twitter.com/lmnunez_/status/1419892888843046922,False,,0,,,,,,,,"[{'screen_name': 'FranjolysBorges', 'name': 'Franjolys Borges', 'id': '154381522'}]",,,,
1419890136255508517,1419889407226753050,2021-07-27 01:19:23 Hora est√°ndar de Venezuela,2021-07-27,01:19:23,-0400,771747228,lmnunez_,Luis Miguel N√∫√±ez,,@Rowerth92 A qu√© hora es la halterofilia????,es,[],[],[],2,0,0,[],[],https://twitter.com/lmnunez_/status/1419890136255508517,False,,0,,,,,,,,"[{'screen_name': 'Rowerth92', 'name': 'Rowerth Goncalves', 'id': '73518438'}]",,,,
1419886481900965889,1419885192857202721,2021-07-27 01:04:52 Hora est√°ndar de Venezuela,2021-07-27,01:04:52,-0400,771747228,lmnunez_,Luis Miguel N√∫√±ez,,@FranjolysBorges Listo listo!!!! üëçüèºüëçüèºüëçüèºgracias.,es,[],[],[],0,0,0,[],[],https://twitter.com/lmnunez_/status/1419886481900965889,False,,0,,,,,,,,"[{'screen_name': 'FranjolysBorges', 'name': 'Franjolys Borges', 'id': '154381522'}]",,,,
1419885512060514305,1419885192857202721,2021-07-27 01:01:00 Hora est√°ndar de Venezuela,2021-07-27,01:01:00,-0400,771747228,lmnunez_,Luis Miguel N√∫√±ez,,@FranjolysBorges C√≥mo es ese sistema?,es,[],[],[],1,0,0,[],[],https://twitter.com/lmnunez_/status/1419885512060514305,False,,0,,,,,,,,"[{'screen_name': 'FranjolysBorges', 'name': 'Franjolys Borges', 'id': '154381522'}]",,,,
1419876894107971597,1419876894107971597,2021-07-27 00:26:46 Hora est√°ndar de Venezuela,2021-07-27,00:26:46,-0400,771747228,lmnunez_,Luis Miguel N√∫√±ez,,¬°Qu√© concentraci√≥n!  https://t.co/aGBmyv73j5,es,[],[],['https://pbs.twimg.com/media/E7RqgXzXIAAPmZk.jpg'],2,16,89,[],[],https://twitter.com/lmnunez_/status/1419876894107971597,False,,1,https://pbs.twimg.com/media/E7RqgXzXIAAPmZk.jpg,,,,,,,[],,,,
1419876143730208781,1419874824759959552,2021-07-27 00:23:47 Hora est√°ndar de Venezuela,2021-07-27,00:23:47,-0400,771747228,lmnunez_,Luis Miguel N√∫√±ez,,@amipossa Vainas del diccionario,es,[],[],[],1,0,0,[],[],https://twitter.com/lmnunez_/status/1419876143730208781,False,,0,,,,,,,,"[{'screen_name': 'amipossa', 'name': 'Amalia Possamai', 'id': '110332081'}]",,,,
1419875340898426881,1419874824759959552,2021-07-27 00:20:35 Hora est√°ndar de Venezuela,2021-07-27,00:20:35,-0400,771747228,lmnunez_,Luis Miguel N√∫√±ez,,Carvajal* mala m√≠a,es,[],[],[],1,0,0,[],[],https://twitter.com/lmnunez_/status/1419875340898426881,False,,0,,,,,,,,[],,,,
1419874824759959552,1419874824759959552,2021-07-27 00:18:32 Hora est√°ndar de Venezuela,2021-07-27,00:18:32,-0400,771747228,lmnunez_,Luis Miguel N√∫√±ez,,"Segunda victoria para Anriquelis Barrios. Con este ippon le gan√≥ a Maylin del Toro Carbajal, de Cuba.  Video de @AloysMarin  https://t.co/qb9uBdRd60",es,"[{'screen_name': 'aloysmarin', 'name': 'aloys marin diaz', 'id': '75590787'}]",[],[],2,12,47,[],[],https://twitter.com/lmnunez_/status/1419874824759959552,False,,1,https://pbs.twimg.com/ext_tw_video_thumb/1419874287830421507/pu/img/V0nUla45z4y_ufQq.jpg,,,,,,,[],,,,
1419871899274948609,1419870796642668544,2021-07-27 00:06:55 Hora est√°ndar de Venezuela,2021-07-27,00:06:55,-0400,771747228,lmnunez_,Luis Miguel N√∫√±ez,,"@Leoal2308 Quien tenga miedo a morir, que no nazca jajajajjj",es,[],[],[],1,0,1,[],[],https://twitter.com/lmnunez_/status/1419871899274948609,False,,0,,,,,,,,"[{'screen_name': 'Leoal2308', 'name': 'Leo', 'id': '726391262358704128'}]",,,,
1419871814470283278,1419867842657333252,2021-07-27 00:06:35 Hora est√°ndar de Venezuela,2021-07-27,00:06:35,-0400,771747228,lmnunez_,Luis Miguel N√∫√±ez,,@mayecampe Jjjajajajjjajajajjajajaja digamos que no es color apio sino ya un verde pistacho.,es,[],[],[],1,0,1,[],[],https://twitter.com/lmnunez_/status/1419871814470283278,False,,0,,,,,,,,"[{'screen_name': 'mayecampe', 'name': 'Mayerling Camacho P.', 'id': '1305856362'}]",,,,
1419869585633914906,1419869163166879746,2021-07-26 23:57:43 Hora est√°ndar de Venezuela,2021-07-26,23:57:43,-0400,771747228,lmnunez_,Luis Miguel N√∫√±ez,,@RCaribas Y lo peor es que es un trasnocho feliz.,es,[],[],[],1,0,0,[],[],https://twitter.com/lmnunez_/status/1419869585633914906,False,,0,,,,,,,,"[{'screen_name': 'RCaribas', 'name': 'Rafael Caribas', 'id': '134434011'}]",,,,
1419869359875444736,1419868901303898114,2021-07-26 23:56:49 Hora est√°ndar de Venezuela,2021-07-26,23:56:49,-0400,771747228,lmnunez_,Luis Miguel N√∫√±ez,,@AntonietaGG Al mediod√≠a ya no valgo medio,es,[],[],[],2,0,2,[],[],https://twitter.com/lmnunez_/status/1419869359875444736,False,,0,,,,,,,,"[{'screen_name': 'AntonietaGG', 'name': 'Antonieta Gonz√°lez', 'id': '95924481'}]",,,,
1419869205919408128,1419868290353147908,2021-07-26 23:56:13 Hora est√°ndar de Venezuela,2021-07-26,23:56:13,-0400,771747228,lmnunez_,Luis Miguel N√∫√±ez,,@JOHNHATE Con el ciclismo jajajajajajjajaa,es,[],[],[],1,0,0,[],[],https://twitter.com/lmnunez_/status/1419869205919408128,False,,0,,,,,,,,"[{'screen_name': 'JOHNHATE', 'name': 'John Jairo Gonz√°lez Gonz√°lez üáªüòáüê∂‚ö°üë´üèÄ‚öΩ‚öæüèàüéÆ üì∑', 'id': '81695554'}]",,,,
1419867842657333252,1419867842657333252,2021-07-26 23:50:48 Hora est√°ndar de Venezuela,2021-07-26,23:50:48,-0400,771747228,lmnunez_,Luis Miguel N√∫√±ez,,Periodistas y fiebr√∫os a las 7.00 de la ma√±ana durante estos Juegos Ol√≠mpicos.  https://t.co/snanSDFSW6,es,[],[],['https://pbs.twimg.com/media/E7RiRn7WUAEXHzZ.jpg'],6,16,109,[],[],https://twitter.com/lmnunez_/status/1419867842657333252,False,,1,https://pbs.twimg.com/media/E7RiRn7WUAEXHzZ.jpg,,,,,,,[],,,,
1419866109306679311,1419864271920508930,2021-07-26 23:43:54 Hora est√°ndar de Venezuela,2021-07-26,23:43:54,-0400,771747228,lmnunez_,Luis Miguel N√∫√±ez,,@esosarv Por estar comiendo o por estar saltando???? Jajajajajajjaa,es,[],[],[],2,0,0,[],[],https://twitter.com/lmnunez_/status/1419866109306679311,False,,0,,,,,,,,"[{'screen_name': 'esosarv', 'name': 'Elvys', 'id': '55094068'}]",,,,
1419860881698082817,1419860881698082817,2021-07-26 23:23:08 Hora est√°ndar de Venezuela,2021-07-26,23:23:08,-0400,771747228,lmnunez_,Luis Miguel N√∫√±ez,,Con este ippon pas√≥ a ronda de 16 Anriquelis Barrios. Bien.  https://t.co/hiFN42EtSB,es,[],[],[],5,42,89,[],[],https://twitter.com/lmnunez_/status/1419860881698082817,False,,1,https://pbs.twimg.com/ext_tw_video_thumb/1419860725028245505/pu/img/H0h-upO3xWfyqTjk.jpg,,,,,,,[],,,,
1419859104575770624,1419858881740787712,2021-07-26 23:16:04 Hora est√°ndar de Venezuela,2021-07-26,23:16:04,-0400,771747228,lmnunez_,Luis Miguel N√∫√±ez,,@Julsregalado8 Ya gan√≥ y nada que la pusieron.,es,[],[],[],0,0,0,[],[],https://twitter.com/lmnunez_/status/1419859104575770624,False,,0,,,,,,,,"[{'screen_name': 'Julsregalado8', 'name': '·¥ä·¥ú ü…™·¥á…¥…¥…™Íú±  Ä·¥á…¢·¥Ä ü·¥Ä·¥Ö·¥è  ô Ä·¥Ä·¥†·¥è', 'id': '1073525091110146048'}]",,,,
1419858698655125505,1419858568581423105,2021-07-26 23:14:28 Hora est√°ndar de Venezuela,2021-07-26,23:14:28,-0400,771747228,lmnunez_,Luis Miguel N√∫√±ez,,"@WilDelgado23 Fecha y hora, beb√©?",es,[],[],[],5,0,0,[],[],https://twitter.com/lmnunez_/status/1419858698655125505,False,,0,,,,,,,,"[{'screen_name': 'WilDelgado23', 'name': 'Wilder Delgado Su√°rez', 'id': '133859037'}]",,,,
1419858599958958111,1419858599958958111,2021-07-26 23:14:04 Hora est√°ndar de Venezuela,2021-07-26,23:14:04,-0400,771747228,lmnunez_,Luis Miguel N√∫√±ez,,Ippon!!!,en,[],[],[],0,1,4,[],[],https://twitter.com/lmnunez_/status/1419858599958958111,False,,0,,,,,,,,[],,,,
1419851723108143119,1419847208267042818,2021-07-26 22:46:45 Hora est√°ndar de Venezuela,2021-07-26,22:46:45,-0400,771747228,lmnunez_,Luis Miguel N√∫√±ez,,@NelsonJAF Tantas cosas buenas que ha dado el T√°chira y este solo se fijo en los autoritarios.,es,[],[],[],0,0,0,[],[],https://twitter.com/lmnunez_/status/1419851723108143119,False,,0,,,,,,,,"[{'screen_name': 'NelsonJAF', 'name': 'Nelson Albornoz', 'id': '368625908'}]",,,,
1419851453385019392,1419847309819449345,2021-07-26 22:45:40 Hora est√°ndar de Venezuela,2021-07-26,22:45:40,-0400,771747228,lmnunez_,Luis Miguel N√∫√±ez,,@ajcaleca - La visita a prost√≠bulos de Cipriano Castro. -Los encarcelamientos en La Rotunda y el trabajo forzado en Palenque de Juan Vicente G√≥mez. -El campo de concentraci√≥n de Guasina de P√©rez Jim√©nez.  Vaya combinaci√≥n que dijo.,es,[],[],[],2,5,15,[],[],https://twitter.com/lmnunez_/status/1419851453385019392,False,,0,,,,,,,,"[{'screen_name': 'ajcaleca', 'name': 'Andr√©s Caleca', 'id': '49035872'}]",,,,
1419789762618085376,1419713914070355974,2021-07-26 18:40:32 Hora est√°ndar de Venezuela,2021-07-26,18:40:32,-0400,771747228,lmnunez_,Luis Miguel N√∫√±ez,,"@apianoimperial Confundieron Marqu√©s con M√°rquez, no es lo mismo, ni siquiera se parecen.  La urbanizaci√≥n se llama El Marqu√©s.",es,[],[],[],0,1,1,[],[],https://twitter.com/lmnunez_/status/1419789762618085376,False,,0,,,,,,,,"[{'screen_name': 'apianoimperial', 'name': 'Ryder', 'id': '3167443581'}]",,,,
1419756619412422661,1419713914070355974,2021-07-26 16:28:50 Hora est√°ndar de Venezuela,2021-07-26,16:28:50,-0400,771747228,lmnunez_,Luis Miguel N√∫√±ez,,"@HumbertoDuarte Bueno, dile a los de INTT",es,[],[],[],0,0,0,[],[],https://twitter.com/lmnunez_/status/1419756619412422661,False,,0,,,,,,,,"[{'screen_name': 'HumbertoDuarte', 'name': 'Humberto Duarte', 'id': '29178180'}]",,,,
1419754022479749125,1419752592532463619,2021-07-26 16:18:31 Hora est√°ndar de Venezuela,2021-07-26,16:18:31,-0400,771747228,lmnunez_,Luis Miguel N√∫√±ez,,@marialeless Jajajajaja justamente confirman los motivos de las gimnastas.,es,[],[],[],0,0,1,[],[],https://twitter.com/lmnunez_/status/1419754022479749125,False,,0,,,,,,,,"[{'screen_name': 'marialeless', 'name': 'male less', 'id': '85585526'}]",,,,
1419734521642168328,1419732846957285381,2021-07-26 15:01:02 Hora est√°ndar de Venezuela,2021-07-26,15:01:02,-0400,771747228,lmnunez_,Luis Miguel N√∫√±ez,,@OscGuard Al Gabo le gust√≥ tu chiste.  https://t.co/rEIWeIBYBW,es,[],[],['https://pbs.twimg.com/media/E7PpBeYXEAcmiG0.jpg'],0,0,1,[],[],https://twitter.com/lmnunez_/status/1419734521642168328,False,,1,https://pbs.twimg.com/media/E7PpBeYXEAcmiG0.jpg,,,,,,,"[{'screen_name': 'OscGuard', 'name': 'O S C A R', 'id': '3029102026'}]",,,,
1419728175895040002,1419494094653566976,2021-07-26 14:35:49 Hora est√°ndar de Venezuela,2021-07-26,14:35:49,-0400,771747228,lmnunez_,Luis Miguel N√∫√±ez,,@AleSardi @edioviedo Mazinger ‚ÄúZ‚Äù.  https://t.co/HeGCIDgtFU,en,[],[],['https://pbs.twimg.com/media/E7PjQCoXEAc2J-D.jpg'],0,0,1,[],[],https://twitter.com/lmnunez_/status/1419728175895040002,False,,1,https://pbs.twimg.com/media/E7PjQCoXEAc2J-D.jpg,,,,,,,"[{'screen_name': 'AleSardi', 'name': 'Alejandro Sardi', 'id': '80674443'}, {'screen_name': 'edioviedo', 'name': 'Edixandra Oviedo Vivas', 'id': '87947442'}]",,,,
1419727472720031745,1419713914070355974,2021-07-26 14:33:01 Hora est√°ndar de Venezuela,2021-07-26,14:33:01,-0400,771747228,lmnunez_,Luis Miguel N√∫√±ez,,"@alanavarro23 @luisevargas ‚ÄúEn su corcel, cuando sale la luna, aparece el bravo Zorro‚Äù‚Ä¶",es,[],[],[],0,0,2,[],[],https://twitter.com/lmnunez_/status/1419727472720031745,False,,0,,,,,,,,"[{'screen_name': 'alanavarro23', 'name': 'Alan Navarro', 'id': '113092994'}, {'screen_name': 'luisevargas', 'name': 'Luis Vargas', 'id': '74858339'}]",,,,
1419724424291442696,1419713914070355974,2021-07-26 14:20:54 Hora est√°ndar de Venezuela,2021-07-26,14:20:54,-0400,771747228,lmnunez_,Luis Miguel N√∫√±ez,,@luisevargas  https://t.co/od19E38QV6,und,[],[],['https://pbs.twimg.com/media/E7PfyaMXIAMm-rQ.jpg'],1,0,1,[],[],https://twitter.com/lmnunez_/status/1419724424291442696,False,,1,https://pbs.twimg.com/media/E7PfyaMXIAMm-rQ.jpg,,,,,,,[],,,,
1419716534822481920,1419713914070355974,2021-07-26 13:49:33 Hora est√°ndar de Venezuela,2021-07-26,13:49:33,-0400,771747228,lmnunez_,Luis Miguel N√∫√±ez,,"@yohann_david Es la Urbanizaci√≥n El Marqu√©s, debe su nombre a quien fuera Capit√°n General de Venezuela en tiempos de la colonia y terrateniente en esa zona de la Gran Caracas.  La palabra M√°rquez es un apellido, patron√≠mico, que significa hijo de Marco o Marcos, por eso finaliza en ‚Äúez‚Äù.  üëáüèºüëáüèº",es,[],[],[],4,2,35,[],[],https://twitter.com/lmnunez_/status/1419716534822481920,False,https://twitter.com/lmnunez_/status/1315436605545484288,0,,,,,,,,"[{'screen_name': 'yohann_david', 'name': 'Johann David', 'id': '232152664'}]",,,,
1419715582694498304,1419713914070355974,2021-07-26 13:45:46 Hora est√°ndar de Venezuela,2021-07-26,13:45:46,-0400,771747228,lmnunez_,Luis Miguel N√∫√±ez,,@agelvisbarbara La vaina me indigna tanto que me da risa hajajjjaja,es,[],[],[],0,0,2,[],[],https://twitter.com/lmnunez_/status/1419715582694498304,False,,0,,,,,,,,"[{'screen_name': 'agelvisbarbara', 'name': 'B√°rbara Agelvis Maza', 'id': '1245046992'}]",,,,
1419713914070355974,1419713914070355974,2021-07-26 13:39:08 Hora est√°ndar de Venezuela,2021-07-26,13:39:08,-0400,771747228,lmnunez_,Luis Miguel N√∫√±ez,,¬øQui√©n puso el letrero en la autopista de la entrada a La California Norte y EL M√ÅRQUEZ?  ü§êü§ÆüôÖüèª‚Äç‚ôÇÔ∏èü§¶üèª‚Äç‚ôÇÔ∏è  https://t.co/yVnlQFG8We,es,[],[],"['https://pbs.twimg.com/media/E7PWRmFWQAMW5VF.jpg', 'https://pbs.twimg.com/media/E7PWRmEXsAcUUFa.jpg']",56,59,163,[],[],https://twitter.com/lmnunez_/status/1419713914070355974,False,,1,https://pbs.twimg.com/media/E7PWRmFWQAMW5VF.jpg,,,,,,,[],,,,
1419712239368642560,1419494094653566976,2021-07-26 13:32:29 Hora est√°ndar de Venezuela,2021-07-26,13:32:29,-0400,771747228,lmnunez_,Luis Miguel N√∫√±ez,,@edioviedo Menci√≥nalo!!! Ilum√≠nanos jajajajja,es,[],[],[],3,0,3,[],[],https://twitter.com/lmnunez_/status/1419712239368642560,False,,0,,,,,,,,"[{'screen_name': 'edioviedo', 'name': 'Edixandra Oviedo Vivas', 'id': '87947442'}]",,,,
1419683723763650561,1419639396475752450,2021-07-26 11:39:10 Hora est√°ndar de Venezuela,2021-07-26,11:39:10,-0400,771747228,lmnunez_,Luis Miguel N√∫√±ez,,@sevenromeo38 Exactamente.,es,[],[],[],1,0,1,[],[],https://twitter.com/lmnunez_/status/1419683723763650561,False,,0,,,,,,,,"[{'screen_name': 'sevenromeo38', 'name': 'Seven', 'id': '1070333995'}]",,,,
1419661463011176450,1419660937150218240,2021-07-26 10:10:43 Hora est√°ndar de Venezuela,2021-07-26,10:10:43,-0400,771747228,lmnunez_,Luis Miguel N√∫√±ez,,@Urieldesimoni ¬°Qu√© buena! El viejo Anselmo echando el resto y pensando mil vainas.,es,[],[],[],0,0,2,[],[],https://twitter.com/lmnunez_/status/1419661463011176450,False,,0,,,,,,,,"[{'screen_name': 'Urieldesimoni', 'name': 'Uriel De Simoni üñä', 'id': '230678804'}]",,,,
1419649201772929026,1419639396475752450,2021-07-26 09:22:00 Hora est√°ndar de Venezuela,2021-07-26,09:22:00,-0400,771747228,lmnunez_,Luis Miguel N√∫√±ez,,"@joseinciarte @fmonroy S√≠, llevaron las dos opciones.",es,[],[],[],0,0,1,[],[],https://twitter.com/lmnunez_/status/1419649201772929026,False,,0,,,,,,,,"[{'screen_name': 'joseinciarte', 'name': 'Jose Rafael Inciarte', 'id': '62655784'}, {'screen_name': 'fmonroy', 'name': 'Fran Monroy Moret', 'id': '764036'}]",,,,
1419643536421629956,1419639396475752450,2021-07-26 08:59:29 Hora est√°ndar de Venezuela,2021-07-26,08:59:29,-0400,771747228,lmnunez_,Luis Miguel N√∫√±ez,,"@anapatalang Me parece genial. Que no se imponga ni uno ni otro, que puedan escoger.",es,[],[],[],1,0,9,[],[],https://twitter.com/lmnunez_/status/1419643536421629956,False,,0,,,,,,,,"[{'screen_name': 'anapatalang', 'name': 'Ana Patricia L√°ng', 'id': '181233498'}]",,,,
1419641942267289602,1419639396475752450,2021-07-26 08:53:09 Hora est√°ndar de Venezuela,2021-07-26,08:53:09,-0400,771747228,lmnunez_,Luis Miguel N√∫√±ez,,"@workingnow3 Est√°n rompiendo esquemas, para ellas es algo, es lo que tiene verdadero valor.",es,[],[],[],0,0,6,[],[],https://twitter.com/lmnunez_/status/1419641942267289602,False,,0,,,,,,,,"[{'screen_name': 'workingnow3', 'name': 'workingnow', 'id': '1050177576516444160'}]",,,,
1419641747769110529,1419639396475752450,2021-07-26 08:52:22 Hora est√°ndar de Venezuela,2021-07-26,08:52:22,-0400,771747228,lmnunez_,Luis Miguel N√∫√±ez,,@dongatovolador @fmonroy Este es el tipo de comentario que est√°n evitando.,es,[],[],[],2,0,21,[],[],https://twitter.com/lmnunez_/status/1419641747769110529,False,,0,,,,,,,,"[{'screen_name': 'dongatovolador', 'name': 'j', 'id': '1284303997357228032'}, {'screen_name': 'fmonroy', 'name': 'Fran Monroy Moret', 'id': '764036'}]",,,,
1419639396475752450,1419639396475752450,2021-07-26 08:43:02 Hora est√°ndar de Venezuela,2021-07-26,08:43:02,-0400,771747228,lmnunez_,Luis Miguel N√∫√±ez,,"La selecci√≥n de gimnasia femenina de Alemania us√≥ un atuendo completo que cubre las piernas de las atletas.  Evitar la sexualizaci√≥n de su disciplina, que las ni√±as que empiezan a practicar se sientan m√°s c√≥modas y que todas tengan opciones para escoger fueron los motivos.  Bien.  https://t.co/5VFeMkFins",es,[],[],"['https://pbs.twimg.com/media/E7OSfJCWUAYVEAh.jpg', 'https://pbs.twimg.com/media/E7OSfJEWUAAOxJb.jpg', 'https://pbs.twimg.com/media/E7OSfJDWEAIxLjh.jpg', 'https://pbs.twimg.com/media/E7OSfKhXsAMAqy_.jpg']",36,139,724,[],[],https://twitter.com/lmnunez_/status/1419639396475752450,False,,1,https://pbs.twimg.com/media/E7OSfJCWUAYVEAh.jpg,,,,,,,[],,,,
1419631726251319297,1419538313455808516,2021-07-26 08:12:33 Hora est√°ndar de Venezuela,2021-07-26,08:12:33,-0400,771747228,lmnunez_,Luis Miguel N√∫√±ez,,"@ja23gonz Esto es subjetivo, mi brother. Por eso le surgi√≥ la interrogante.",es,[],[],[],1,0,0,[],[],https://twitter.com/lmnunez_/status/1419631726251319297,False,,0,,,,,,,,"[{'screen_name': 'ja23gonz', 'name': 'JG', 'id': '31050218'}]",,,,
1419545845599543297,1419544432727183362,2021-07-26 02:31:18 Hora est√°ndar de Venezuela,2021-07-26,02:31:18,-0400,771747228,lmnunez_,Luis Miguel N√∫√±ez,,"@WilDelgado23 @Anriquelisp @jjsayago @Esgrimistale @rosmarytapia1 @RoselixDeportes @RoxyyContreras @eumaresaa @alejohtkd @Rowerth92 @Milanojesus Hermano, siempre con mejor vibra para entrevistarla. Una chama A1.",es,[],[],[],1,0,0,[],[],https://twitter.com/lmnunez_/status/1419545845599543297,False,,0,,,,,,,,"[{'screen_name': 'WilDelgado23', 'name': 'Wilder Delgado Su√°rez', 'id': '133859037'}, {'screen_name': 'Anriquelisp', 'name': 'Anriquelis Barrios', 'id': '1300060214507364352'}, {'screen_name': 'jjsayago', 'name': 'Juan Jos√© Sayago', 'id': '131214175'}, {'screen_name': 'Esgrimistale', 'name': 'Alejandra Turipe', 'id': '258033051'}, {'screen_name': 'rosmarytapia1', 'name': 'R O S M A R Y - T A P I A‚ù£Ô∏è', 'id': '1714365402'}, {'screen_name': 'RoselixDeportes', 'name': 'Roselix Ruggiero üîùüíØ', 'id': '62110295'}, {'screen_name': 'RoxyyContreras', 'name': 'Roselynn Contreras', 'id': '1266563745863606272'}, {'screen_name': 'eumaresaa', 'name': 'Eumar Esa√°', 'id': '109085989'}, {'screen_name': 'alejohtkd', 'name': 'Andr√©s Henr√≠quez', 'id': '1037244696458919936'}, {'screen_name': 'Rowerth92', 'name': 'Rowerth Goncalves', 'id': '73518438'}, {'screen_name': 'Milanojesus', 'name': 'Jes√∫s Milano', 'id': '75023837'}]",,,,
1419540508934909954,1419532744338591745,2021-07-26 02:10:05 Hora est√°ndar de Venezuela,2021-07-26,02:10:05,-0400,771747228,lmnunez_,Luis Miguel N√∫√±ez,,"@PabloPablin31 Baj√≥ el ritmo para 55 en el juego, los 31 en la primera mitad son r√©cord.",es,[],[],[],0,0,1,[],[],https://twitter.com/lmnunez_/status/1419540508934909954,False,,0,,,,,,,,"[{'screen_name': 'PabloPablin31', 'name': 'Pablo Machado', 'id': '533901572'}]",,,,
1419538313455808516,1419538313455808516,2021-07-26 02:01:22 Hora est√°ndar de Venezuela,2021-07-26,02:01:22,-0400,771747228,lmnunez_,Luis Miguel N√∫√±ez,,Hablando de la actualidad del deporte y los atletas de Eslovenia:   Tadej Pogaƒçar en ciclismo üö¥ 22 a√±os. Luka Doncic en baloncesto üèÄ 22 a√±os.  ¬øQui√©n es el mejor atleta esloveno en la actualidad?,es,[],[],[],2,0,10,[],[],https://twitter.com/lmnunez_/status/1419538313455808516,False,,0,,,,,,,,[],,,,
1419533214067134465,1419532744338591745,2021-07-26 01:41:06 Hora est√°ndar de Venezuela,2021-07-26,01:41:06,-0400,771747228,lmnunez_,Luis Miguel N√∫√±ez,,@PabloPablin31 Jajajajajaja ¬øte acuerdas de lo que dijo Garly Sojo la semana pasada?  ‚ÄúEs otra vaina‚Äù jajajjaja,es,[],[],[],1,0,2,[],[],https://twitter.com/lmnunez_/status/1419533214067134465,False,,0,,,,,,,,"[{'screen_name': 'PabloPablin31', 'name': 'Pablo Machado', 'id': '533901572'}]",,,,
1419531563365289985,1419530705009250304,2021-07-26 01:34:32 Hora est√°ndar de Venezuela,2021-07-26,01:34:32,-0400,771747228,lmnunez_,Luis Miguel N√∫√±ez,,"@Darwin888 Hace dos semanas le pregunt√© a Sifo, c√≥mo era marcarlo. ‚ÄúLa gente cree que es lento, pero no es lento nada‚Äù, me dijo.  Ha una semana le preguntamos lo mismo a Garly. ‚ÄúEs otra vaina, si le saltas te hace la finta y si no le saltas te mete el triple en la cara‚Äù, nos dijo.",es,[],[],[],2,3,9,[],[],https://twitter.com/lmnunez_/status/1419531563365289985,False,,0,,,,,,,,"[{'screen_name': 'Darwin888', 'name': 'Darwin M. Silvera R.', 'id': '87878447'}]",,,,
1419530196961615874,1419527983753216003,2021-07-26 01:29:07 Hora est√°ndar de Venezuela,2021-07-26,01:29:07,-0400,771747228,lmnunez_,Luis Miguel N√∫√±ez,,"@CarlosValmore @Rowerth92 YouTube, Valmore. Canal Claro",en,[],[],[],0,0,0,[],[],https://twitter.com/lmnunez_/status/1419530196961615874,False,,0,,,,,,,,"[{'screen_name': 'CarlosValmore', 'name': 'Carlos V. Rodr√≠guez', 'id': '77883629'}, {'screen_name': 'Rowerth92', 'name': 'Rowerth Goncalves', 'id': '73518438'}]",,,,
1419530084130725889,1419528209192955906,2021-07-26 01:28:40 Hora est√°ndar de Venezuela,2021-07-26,01:28:40,-0400,771747228,lmnunez_,Luis Miguel N√∫√±ez,,@Ivan_baloncesto JAJAJAJAJAJAJA la ignorancia es atrevida.,es,[],[],[],1,0,1,[],[],https://twitter.com/lmnunez_/status/1419530084130725889,False,,0,,,,,,,,"[{'screen_name': 'Ivan_baloncesto', 'name': 'Iv√°n Holguin', 'id': '882300686876241920'}]",,,,
1419511400263786499,1419503411385491461,2021-07-26 00:14:25 Hora est√°ndar de Venezuela,2021-07-26,00:14:25,-0400,771747228,lmnunez_,Luis Miguel N√∫√±ez,,"@johanbeltran10 @Rowerth92 @roldan_henry256 Canal Claro en YouTube, es el 83 en Inter est√°ndar.",es,[],[],[],0,0,0,[],[],https://twitter.com/lmnunez_/status/1419511400263786499,False,,0,,,,,,,,"[{'screen_name': 'johanbeltran10', 'name': 'Johan beltran', 'id': '193735956'}, {'screen_name': 'Rowerth92', 'name': 'Rowerth Goncalves', 'id': '73518438'}, {'screen_name': 'roldan_henry256', 'name': 'Henry Rold√°n', 'id': '81221987'}]",,,,
1419508413114068992,1419506937541111813,2021-07-26 00:02:33 Hora est√°ndar de Venezuela,2021-07-26,00:02:33,-0400,771747228,lmnunez_,Luis Miguel N√∫√±ez,,"@luisevargas @MarcaClaro Con una base de comentaristas mexicanos, pero con adiciones en disciplinas espec√≠ficas: un colombiano en ciclismo, Nocioni en baloncesto. Muy bien!!!",es,[],[],[],1,0,0,[],[],https://twitter.com/lmnunez_/status/1419508413114068992,False,,0,,,,,,,,"[{'screen_name': 'luisevargas', 'name': 'Luis Vargas', 'id': '74858339'}, {'screen_name': 'MarcaClaro', 'name': 'MARCA Claro', 'id': '1931581532'}]",,,,
1419507458754613249,1419503411385491461,2021-07-25 23:58:45 Hora est√°ndar de Venezuela,2021-07-25,23:58:45,-0400,771747228,lmnunez_,Luis Miguel N√∫√±ez,,@Rowerth92 @roldan_henry256 Bala fr√≠a para esperar el baloncesto y trabajar trasnochado ma√±ana.  https://t.co/xV5g5d7sX9,es,[],[],['https://pbs.twimg.com/media/E7MagBXWQAE6urc.jpg'],1,0,3,[],[],https://twitter.com/lmnunez_/status/1419507458754613249,False,,1,https://pbs.twimg.com/media/E7MagBXWQAE6urc.jpg,,,,,,,"[{'screen_name': 'Rowerth92', 'name': 'Rowerth Goncalves', 'id': '73518438'}, {'screen_name': 'roldan_henry256', 'name': 'Henry Rold√°n', 'id': '81221987'}]",,,,
1419500564681986051,1419499817714257927,2021-07-25 23:31:22 Hora est√°ndar de Venezuela,2021-07-25,23:31:22,-0400,771747228,lmnunez_,Luis Miguel N√∫√±ez,,"@KatiuskaRojas Tiene m√°s de tres, Kat. Est√°n haciendo un trabajo genial los mexicanos. Adem√°s, el canal tradicional est√° en el canal 83 de Inter.",es,[],[],[],1,0,1,[],[],https://twitter.com/lmnunez_/status/1419500564681986051,False,,0,,,,,,,,"[{'screen_name': 'KatiuskaRojas', 'name': 'Katiuska Rojas', 'id': '72446037'}]",,,,
1419489623932289031,1419485087888990208,2021-07-25 22:47:53 Hora est√°ndar de Venezuela,2021-07-25,22:47:53,-0400,771747228,lmnunez_,Luis Miguel N√∫√±ez,,"@FranjolysBorges ¬°Qu√© desgracia!  Latinoam√©rica no escapa de eso, lamentable. Gracias por contextualizar ‚ù§Ô∏è‚Äçüî•",es,[],[],[],0,0,0,[],[],https://twitter.com/lmnunez_/status/1419489623932289031,False,,0,,,,,,,,"[{'screen_name': 'FranjolysBorges', 'name': 'Franjolys Borges', 'id': '154381522'}]",,,,
1419489022121021440,1419484975985053705,2021-07-25 22:45:30 Hora est√°ndar de Venezuela,2021-07-25,22:45:30,-0400,771747228,lmnunez_,Luis Miguel N√∫√±ez,,@esosarv Esto da hasta ganas de llorar.,es,[],[],[],1,0,0,[],[],https://twitter.com/lmnunez_/status/1419489022121021440,False,,0,,,,,,,,"[{'screen_name': 'esosarv', 'name': 'Elvys', 'id': '55094068'}]",,,,
1419485571643281409,1419485087888990208,2021-07-25 22:31:47 Hora est√°ndar de Venezuela,2021-07-25,22:31:47,-0400,771747228,lmnunez_,Luis Miguel N√∫√±ez,,"@FranjolysBorges ¬øC√≥mo es eso? Explica, por fa.",es,[],[],[],1,0,0,[],[],https://twitter.com/lmnunez_/status/1419485571643281409,False,,0,,,,,,,,"[{'screen_name': 'FranjolysBorges', 'name': 'Franjolys Borges', 'id': '154381522'}]",,,,
1419485031492460546,1419477996340121600,2021-07-25 22:29:38 Hora est√°ndar de Venezuela,2021-07-25,22:29:38,-0400,771747228,lmnunez_,Luis Miguel N√∫√±ez,,@lauramendezs2 Lo intentar√© el martes. ‚ù§Ô∏è‚Äçüî•,es,[],[],[],0,0,1,[],[],https://twitter.com/lmnunez_/status/1419485031492460546,False,,0,,,,,,,,"[{'screen_name': 'lauramendezs2', 'name': 'Lale', 'id': '133005569'}]",,,,
1419483659606835202,1419477996340121600,2021-07-25 22:24:11 Hora est√°ndar de Venezuela,2021-07-25,22:24:11,-0400,771747228,lmnunez_,Luis Miguel N√∫√±ez,,@lauramendezs2 üî• üî• üî•,und,[],[],[],1,0,2,[],[],https://twitter.com/lmnunez_/status/1419483659606835202,False,,0,,,,,,,,"[{'screen_name': 'lauramendezs2', 'name': 'Lale', 'id': '133005569'}]",,,,
1419481383953633280,1419480450125418496,2021-07-25 22:15:09 Hora est√°ndar de Venezuela,2021-07-25,22:15:09,-0400,771747228,lmnunez_,Luis Miguel N√∫√±ez,,"@jjsayago @Paris2024 Jjajajajja afilado, Sayago. Jajajjj",es,[],[],[],1,0,2,[],[],https://twitter.com/lmnunez_/status/1419481383953633280,False,,0,,,,,,,,"[{'screen_name': 'jjsayago', 'name': 'Juan Jos√© Sayago', 'id': '131214175'}, {'screen_name': 'Paris2024', 'name': 'Paris 2024', 'id': '951849552'}]",,,,
1419473943505821701,1419473551527194627,2021-07-25 21:45:35 Hora est√°ndar de Venezuela,2021-07-25,21:45:35,-0400,771747228,lmnunez_,Luis Miguel N√∫√±ez,,"@eumaresaa No te hagas ese da√±o tan pronto, vale!!!!",es,[],[],[],0,0,4,[],[],https://twitter.com/lmnunez_/status/1419473943505821701,False,,0,,,,,,,,"[{'screen_name': 'eumaresaa', 'name': 'Eumar Esa√°', 'id': '109085989'}]",,,,
1419455100267999234,1419432042136317953,2021-07-25 20:30:42 Hora est√°ndar de Venezuela,2021-07-25,20:30:42,-0400,771747228,lmnunez_,Luis Miguel N√∫√±ez,,"@TonyFrangieM @fotourbanaorg Gran trabajo!! B√∫scate a Antonio Pinzani Pizzarello, arquitecto italiano responsable de obras como el Centro Comercial Chacaito, Unicentro El Marqu√©s y el Centro √çtalo de Caracas.",es,[],[],[],0,6,56,[],[],https://twitter.com/lmnunez_/status/1419455100267999234,False,,0,,,,,,,,"[{'screen_name': 'TonyFrangieM', 'name': 'Tony Frangie Mawad', 'id': '1410397123036778497'}, {'screen_name': 'fotourbanaorg', 'name': 'Archivo Fotograf√≠a Urbana', 'id': '2314261825'}]",,,,
1419430144570183680,1419423503166681098,2021-07-25 18:51:32 Hora est√°ndar de Venezuela,2021-07-25,18:51:32,-0400,771747228,lmnunez_,Luis Miguel N√∫√±ez,,@Julsregalado8 @migbastida @WilDelgado23 Primero dormidos que con un mal calzado. Jajajajjajajaj,es,[],[],[],1,0,0,[],[],https://twitter.com/lmnunez_/status/1419430144570183680,False,,0,,,,,,,,"[{'screen_name': 'Julsregalado8', 'name': '·¥ä·¥ú ü…™·¥á…¥…¥…™Íú±  Ä·¥á…¢·¥Ä ü·¥Ä·¥Ö·¥è  ô Ä·¥Ä·¥†·¥è', 'id': '1073525091110146048'}, {'screen_name': 'migbastida', 'name': 'Miguel √Ångel Bastidas Campos', 'id': '95251535'}, {'screen_name': 'WilDelgado23', 'name': 'Wilder Delgado Su√°rez', 'id': '133859037'}]",,,,
1419261109501145092,1419260939778547712,2021-07-25 07:39:51 Hora est√°ndar de Venezuela,2021-07-25,07:39:51,-0400,771747228,lmnunez_,Luis Miguel N√∫√±ez,,"@WilDelgado23 Viene el baloncesto, no duermas",es,[],[],[],1,0,0,[],[],https://twitter.com/lmnunez_/status/1419261109501145092,False,,0,,,,,,,,"[{'screen_name': 'WilDelgado23', 'name': 'Wilder Delgado Su√°rez', 'id': '133859037'}]",,,,
1419169279501639684,1419155414009196548,2021-07-25 01:34:57 Hora est√°ndar de Venezuela,2021-07-25,01:34:57,-0400,771747228,lmnunez_,Luis Miguel N√∫√±ez,,@jjsayago A lo Cristiano!!!,es,[],[],[],0,0,13,[],[],https://twitter.com/lmnunez_/status/1419169279501639684,False,,0,,,,,,,,"[{'screen_name': 'jjsayago', 'name': 'Juan Jos√© Sayago', 'id': '131214175'}]",,,,
1419147712465887232,1419139948943380481,2021-07-25 00:09:15 Hora est√°ndar de Venezuela,2021-07-25,00:09:15,-0400,771747228,lmnunez_,Luis Miguel N√∫√±ez,,"@mayecampe @WilDelgado23 No le resto m√©ritos, fue campe√≥n ol√≠mpico, pero que chimbo ü•∫",es,[],[],[],1,0,1,[],[],https://twitter.com/lmnunez_/status/1419147712465887232,False,,0,,,,,,,,"[{'screen_name': 'mayecampe', 'name': 'Mayerling Camacho P.', 'id': '1305856362'}, {'screen_name': 'WilDelgado23', 'name': 'Wilder Delgado Su√°rez', 'id': '133859037'}]",,,,
1419140295762092032,1419139948943380481,2021-07-24 23:39:47 Hora est√°ndar de Venezuela,2021-07-24,23:39:47,-0400,771747228,lmnunez_,Luis Miguel N√∫√±ez,,@WilDelgado23 Menos mal no me qued√© viendo ü•∫,es,[],[],[],3,0,1,[],[],https://twitter.com/lmnunez_/status/1419140295762092032,False,,0,,,,,,,,"[{'screen_name': 'WilDelgado23', 'name': 'Wilder Delgado Su√°rez', 'id': '133859037'}]",,,,
1419106853099814915,1419071321640783872,2021-07-24 21:26:54 Hora est√°ndar de Venezuela,2021-07-24,21:26:54,-0400,771747228,lmnunez_,Luis Miguel N√∫√±ez,,"@WilDelgado23 @migbastida Hermanos, la jornada sabatina ha significado que la hidrataci√≥n E apodere de m√≠. Faltar√© a mi guardia el d√≠a de hoy pero prometo estar atento a sus publicaciones.  Me dej√© corromper por el Oso Polar.",es,[],[],[],2,0,1,[],[],https://twitter.com/lmnunez_/status/1419106853099814915,False,,0,,,,,,,,"[{'screen_name': 'WilDelgado23', 'name': 'Wilder Delgado Su√°rez', 'id': '133859037'}, {'screen_name': 'migbastida', 'name': 'Miguel √Ångel Bastidas Campos', 'id': '95251535'}]",,,,
1419087461754486786,1419087461754486786,2021-07-24 20:09:50 Hora est√°ndar de Venezuela,2021-07-24,20:09:50,-0400,771747228,lmnunez_,Luis Miguel N√∫√±ez,,"La moneda, el aeropuerto, avenidas, edificios y hasta el pa√≠s, todo relacionado a Bol√≠var. All√≠ comenz√≥ la adoraci√≥n al personalismo en este pa√≠s.  A√∫n hoy la gente espera que una persona solucione sus problemas.  Caudillismo del Siglo XXI.",es,[],[],[],6,12,42,[],[],https://twitter.com/lmnunez_/status/1419087461754486786,False,,0,,,,,,,,[],,,,
1419027621409656841,1419010410754322433,2021-07-24 16:12:03 Hora est√°ndar de Venezuela,2021-07-24,16:12:03,-0400,771747228,lmnunez_,Luis Miguel N√∫√±ez,,"@elhectormena @Darwin888 @FVBbasketball Disculpa, de qu√© hablas??? Jajajajajjajajajajaja sehhhh les remontaron en el √∫ltimo cuarto.",es,[],[],[],1,0,1,[],[],https://twitter.com/lmnunez_/status/1419027621409656841,False,,0,,,,,,,,"[{'screen_name': 'elhectormena', 'name': 'H√âCTOR MENA', 'id': '115064182'}, {'screen_name': 'Darwin888', 'name': 'Darwin M. Silvera R.', 'id': '87878447'}, {'screen_name': 'FVBbasketball', 'name': 'Federaci√≥n Venezolana de Baloncesto', 'id': '1115684651341729792'}]",,,,
1418995275788607498,1418985080526155780,2021-07-24 14:03:32 Hora est√°ndar de Venezuela,2021-07-24,14:03:32,-0400,771747228,lmnunez_,Luis Miguel N√∫√±ez,,"@Darwin888 @FVBbasketball A Miranda voy, pana Darwin!!!",es,[],[],[],0,0,1,[],[],https://twitter.com/lmnunez_/status/1418995275788607498,False,,0,,,,,,,,"[{'screen_name': 'Darwin888', 'name': 'Darwin M. Silvera R.', 'id': '87878447'}, {'screen_name': 'FVBbasketball', 'name': 'Federaci√≥n Venezolana de Baloncesto', 'id': '1115684651341729792'}]",,,,
1418989040905474051,1418758613384974339,2021-07-24 13:38:45 Hora est√°ndar de Venezuela,2021-07-24,13:38:45,-0400,771747228,lmnunez_,Luis Miguel N√∫√±ez,,@gochitler Voleibol masculino deber√≠a ser para Brasil.,es,[],[],[],1,0,1,[],[],https://twitter.com/lmnunez_/status/1418989040905474051,False,,0,,,,,,,,"[{'screen_name': 'gochitler', 'name': 'VALERIana ü§£', 'id': '1270668468'}]",,,,
1418938960055779330,1418669336219111425,2021-07-24 10:19:45 Hora est√°ndar de Venezuela,2021-07-24,10:19:45,-0400,771747228,lmnunez_,Luis Miguel N√∫√±ez,,"@harold_aleman @WilDelgado23 Est√° el s√°bado en la noche, domingo japon√©s.",es,[],[],[],1,0,0,[],[],https://twitter.com/lmnunez_/status/1418938960055779330,False,,0,,,,,,,,"[{'screen_name': 'harold_aleman', 'name': 'Harold Alem√°n', 'id': '67505541'}, {'screen_name': 'WilDelgado23', 'name': 'Wilder Delgado Su√°rez', 'id': '133859037'}]",,,,
1418934104255512588,1418916664058470400,2021-07-24 10:00:27 Hora est√°ndar de Venezuela,2021-07-24,10:00:27,-0400,771747228,lmnunez_,Luis Miguel N√∫√±ez,,"@MarcoRuiz_34 @pgonzalezlaya Yo so√±√© que estaba en los chinos de Los Palos Grandes y bueno, mejor no digo jajajajajjjajja",es,[],[],[],2,0,2,[],[],https://twitter.com/lmnunez_/status/1418934104255512588,False,,0,,,,,,,,"[{'screen_name': 'MarcoRuiz_34', 'name': 'Marco Ruiz', 'id': '135254441'}, {'screen_name': 'pgonzalezlaya', 'name': 'Pao', 'id': '126747112'}]",,,,
1418854893302034435,1418850353890697218,2021-07-24 04:45:42 Hora est√°ndar de Venezuela,2021-07-24,04:45:42,-0400,771747228,lmnunez_,Luis Miguel N√∫√±ez,,@IvanRojasY @eumaresaa Cierto. Mala m√≠a üëçüèº,es,[],[],[],0,0,0,[],[],https://twitter.com/lmnunez_/status/1418854893302034435,False,,0,,,,,,,,"[{'screen_name': 'IvanRojasY', 'name': 'Iv√°n Rojas', 'id': '204497653'}, {'screen_name': 'eumaresaa', 'name': 'Eumar Esa√°', 'id': '109085989'}]",,,,
1418854846019612673,1418850353890697218,2021-07-24 04:45:30 Hora est√°ndar de Venezuela,2021-07-24,04:45:30,-0400,771747228,lmnunez_,Luis Miguel N√∫√±ez,,@eumaresaa Cierto cierto üëçüèºüëçüèºüëçüèº,pl,[],[],[],0,0,0,[],[],https://twitter.com/lmnunez_/status/1418854846019612673,False,,0,,,,,,,,"[{'screen_name': 'eumaresaa', 'name': 'Eumar Esa√°', 'id': '109085989'}]",,,,
1418851511413710853,1418850353890697218,2021-07-24 04:32:15 Hora est√°ndar de Venezuela,2021-07-24,04:32:15,-0400,771747228,lmnunez_,Luis Miguel N√∫√±ez,,@eumaresaa Primera vez que el 1;2 y 3 del tour llegan tambi√©n al podio ol√≠mpico ?,es,[],[],[],2,0,0,[],[],https://twitter.com/lmnunez_/status/1418851511413710853,False,,0,,,,,,,,"[{'screen_name': 'eumaresaa', 'name': 'Eumar Esa√°', 'id': '109085989'}]",,,,
1418848904024576004,1418848394618023937,2021-07-24 04:21:54 Hora est√°ndar de Venezuela,2021-07-24,04:21:54,-0400,771747228,lmnunez_,Luis Miguel N√∫√±ez,,@jjsayago Carrer√≥n de Carapaz y Ur√°n echando el resto.,es,[],[],[],1,0,1,[],[],https://twitter.com/lmnunez_/status/1418848904024576004,False,,0,,,,,,,,"[{'screen_name': 'jjsayago', 'name': 'Juan Jos√© Sayago', 'id': '131214175'}]",,,,
1418833064004816896,1418832649142034435,2021-07-24 03:18:57 Hora est√°ndar de Venezuela,2021-07-24,03:18:57,-0400,771747228,lmnunez_,Luis Miguel N√∫√±ez,,@WilDelgado23 En Tves a√∫n est√°n diciendo que est√° fugado üò∑,es,[],[],[],0,0,1,[],[],https://twitter.com/lmnunez_/status/1418833064004816896,False,,0,,,,,,,,"[{'screen_name': 'WilDelgado23', 'name': 'Wilder Delgado Su√°rez', 'id': '133859037'}]",,,,
1418818650383998979,1418817387219111938,2021-07-24 02:21:41 Hora est√°ndar de Venezuela,2021-07-24,02:21:41,-0400,771747228,lmnunez_,Luis Miguel N√∫√±ez,,"@JOHNHATE Mano, no tengo fe hajajjajajajaja",es,[],[],[],1,0,0,[],[],https://twitter.com/lmnunez_/status/1418818650383998979,False,,0,,,,,,,,"[{'screen_name': 'JOHNHATE', 'name': 'John Jairo Gonz√°lez Gonz√°lez üáªüòáüê∂‚ö°üë´üèÄ‚öΩ‚öæüèàüéÆ üì∑', 'id': '81695554'}]",,,,
1418817744733151233,1418817387219111938,2021-07-24 02:18:05 Hora est√°ndar de Venezuela,2021-07-24,02:18:05,-0400,771747228,lmnunez_,Luis Miguel N√∫√±ez,,@JOHNHATE El ciclismo  https://t.co/ZchhTVeJ5O,es,[],[],['https://pbs.twimg.com/tweet_video_thumb/E7CnNzmXMAkbVcl.jpg'],1,0,2,[],[],https://twitter.com/lmnunez_/status/1418817744733151233,False,,1,https://pbs.twimg.com/tweet_video_thumb/E7CnNzmXMAkbVcl.jpg,,,,,,,"[{'screen_name': 'JOHNHATE', 'name': 'John Jairo Gonz√°lez Gonz√°lez üáªüòáüê∂‚ö°üë´üèÄ‚öΩ‚öæüèàüéÆ üì∑', 'id': '81695554'}]",,,,
1418815799918305281,1418815309578899458,2021-07-24 02:10:21 Hora est√°ndar de Venezuela,2021-07-24,02:10:21,-0400,771747228,lmnunez_,Luis Miguel N√∫√±ez,,"@josempuertas Y con 17 a√±os, clase de salsa que dio.",es,[],[],[],0,0,0,[],[],https://twitter.com/lmnunez_/status/1418815799918305281,False,,0,,,,,,,,"[{'screen_name': 'josempuertas', 'name': 'Jose Manuel Puertas', 'id': '275608464'}]",,,,
1418808130578919424,1418808130578919424,2021-07-24 01:39:53 Hora est√°ndar de Venezuela,2021-07-24,01:39:53,-0400,771747228,lmnunez_,Luis Miguel N√∫√±ez,,Los Juegos Ol√≠mpicos tambi√©n sirven para mostrar c√≥mo se transmiten cada una de las disciplinas.  Aqu√≠ vemos al camar√≥grafo del ciclismo: parrillero en una moto que tiene buenos posa pies y la c√°mara va al hombro. Esa c√°mara tiene conexi√≥n inal√°mbrica en vivo.  https://t.co/pHjQjBlvOO,es,[],[],"['https://pbs.twimg.com/media/E7Ced4RWQAAVzSi.jpg', 'https://pbs.twimg.com/media/E7Ced4WXEAI_Znw.jpg']",6,5,26,[],[],https://twitter.com/lmnunez_/status/1418808130578919424,False,,1,https://pbs.twimg.com/media/E7Ced4RWQAAVzSi.jpg,,,,,,,[],,,,
1418805057131368456,1418804907633790978,2021-07-24 01:27:40 Hora est√°ndar de Venezuela,2021-07-24,01:27:40,-0400,771747228,lmnunez_,Luis Miguel N√∫√±ez,,@lilaabed üò∑,und,[],[],[],0,0,0,[],[],https://twitter.com/lmnunez_/status/1418805057131368456,False,,0,,,,,,,,"[{'screen_name': 'lilaabed', 'name': 'Lila Abed', 'id': '41448115'}]",,,,
1418779658913468421,1418779529695334402,2021-07-23 23:46:44 Hora est√°ndar de Venezuela,2021-07-23,23:46:44,-0400,771747228,lmnunez_,Luis Miguel N√∫√±ez,,"@JOHNHATE Igual te vas a aprender el nombre y el slogan, la campa√±a funcionar√≠a jajajajajjj",es,[],[],[],0,0,0,[],[],https://twitter.com/lmnunez_/status/1418779658913468421,False,,0,,,,,,,,"[{'screen_name': 'JOHNHATE', 'name': 'John Jairo Gonz√°lez Gonz√°lez üáªüòáüê∂‚ö°üë´üèÄ‚öΩ‚öæüèàüéÆ üì∑', 'id': '81695554'}]",,,,
1418779315773349888,1418779315773349888,2021-07-23 23:45:23 Hora est√°ndar de Venezuela,2021-07-23,23:45:23,-0400,771747228,lmnunez_,Luis Miguel N√∫√±ez,,"Una marca de caf√© con una campa√±a agresiva de publicidad durante tres semanas.  ‚ÄúCaf√© ___________, te mantiene despierto‚Äù.  Bombardear redes sociales, streaming de YouTube y transmisiones tradicionales de tv solo durante #Tokyo2020   P√∫blico Objetivo: fiebr√∫os de los deportes.",es,[],[],[],4,0,20,['tokyo2020'],[],https://twitter.com/lmnunez_/status/1418779315773349888,False,,0,,,,,,,,[],,,,
1418778485238247424,1418777665419550727,2021-07-23 23:42:05 Hora est√°ndar de Venezuela,2021-07-23,23:42:05,-0400,771747228,lmnunez_,Luis Miguel N√∫√±ez,,@migbastida Lo voy a cambiar,es,[],[],[],1,0,0,[],[],https://twitter.com/lmnunez_/status/1418778485238247424,False,,0,,,,,,,,"[{'screen_name': 'migbastida', 'name': 'Miguel √Ångel Bastidas Campos', 'id': '95251535'}]",,,,
1418776148679536640,1418762007034093591,2021-07-23 23:32:48 Hora est√°ndar de Venezuela,2021-07-23,23:32:48,-0400,771747228,lmnunez_,Luis Miguel N√∫√±ez,,"@PetareTitanes @migbastida @jjsayago @SuperligaVen Petare, cuadra los pastelitos.",es,[],[],[],0,0,1,[],[],https://twitter.com/lmnunez_/status/1418776148679536640,False,,0,,,,,,,,"[{'screen_name': 'PetareTitanes', 'name': 'PetareTitanes', 'id': '1395749946742149120'}, {'screen_name': 'migbastida', 'name': 'Miguel √Ångel Bastidas Campos', 'id': '95251535'}, {'screen_name': 'jjsayago', 'name': 'Juan Jos√© Sayago', 'id': '131214175'}, {'screen_name': 'SuperligaVen', 'name': 'Superliga de Baloncesto', 'id': '1235696431429824512'}]",,,,
1418774322295058435,1418774012130365443,2021-07-23 23:25:32 Hora est√°ndar de Venezuela,2021-07-23,23:25:32,-0400,771747228,lmnunez_,Luis Miguel N√∫√±ez,,"@WilDelgado23 @Julsregalado8 Los odio, a los dos.",es,[],[],[],0,0,1,[],[],https://twitter.com/lmnunez_/status/1418774322295058435,False,,0,,,,,,,,"[{'screen_name': 'WilDelgado23', 'name': 'Wilder Delgado Su√°rez', 'id': '133859037'}, {'screen_name': 'Julsregalado8', 'name': '·¥ä·¥ú ü…™·¥á…¥…¥…™Íú±  Ä·¥á…¢·¥Ä ü·¥Ä·¥Ö·¥è  ô Ä·¥Ä·¥†·¥è', 'id': '1073525091110146048'}]",,,,
1418774183962611712,1418762007034093591,2021-07-23 23:24:59 Hora est√°ndar de Venezuela,2021-07-23,23:24:59,-0400,771747228,lmnunez_,Luis Miguel N√∫√±ez,,@migbastida @argenisaguilar5 @DanielavRojasD @WilDelgado23 @jjsayago @aular_orluis Caf√© Madrid!!!,es,[],[],[],0,0,1,[],[],https://twitter.com/lmnunez_/status/1418774183962611712,False,,0,,,,,,,,"[{'screen_name': 'migbastida', 'name': 'Miguel √Ångel Bastidas Campos', 'id': '95251535'}, {'screen_name': 'argenisaguilar5', 'name': 'Argenis Aguilar', 'id': '333576795'}, {'screen_name': 'DanielavRojasD', 'name': 'Daniela Rojas D√≠az', 'id': '128268163'}, {'screen_name': 'WilDelgado23', 'name': 'Wilder Delgado Su√°rez', 'id': '133859037'}, {'screen_name': 'jjsayago', 'name': 'Juan Jos√© Sayago', 'id': '131214175'}, {'screen_name': 'aular_orluis', 'name': 'ùïÜ‚ÑùùïÉùïåùïÄùïä ùî∏ùïåùïÉùî∏‚Ñù „Ç™„Éº„É´„Ç§„Çπ„Éª„Ç¢„É´„Éô„É´„Éà', 'id': '854333157713248256'}]",,,,
1418773983323955202,1418762007034093591,2021-07-23 23:24:11 Hora est√°ndar de Venezuela,2021-07-23,23:24:11,-0400,771747228,lmnunez_,Luis Miguel N√∫√±ez,,@migbastida @argenisaguilar5 @WilDelgado23 @jjsayago @aular_orluis Estoy ligando a Rigo y a Nairo con todo. Que en el ascenso hagan la diferencia.,es,[],[],[],0,0,1,[],[],https://twitter.com/lmnunez_/status/1418773983323955202,False,,0,,,,,,,,"[{'screen_name': 'migbastida', 'name': 'Miguel √Ångel Bastidas Campos', 'id': '95251535'}, {'screen_name': 'argenisaguilar5', 'name': 'Argenis Aguilar', 'id': '333576795'}, {'screen_name': 'WilDelgado23', 'name': 'Wilder Delgado Su√°rez', 'id': '133859037'}, {'screen_name': 'jjsayago', 'name': 'Juan Jos√© Sayago', 'id': '131214175'}, {'screen_name': 'aular_orluis', 'name': 'ùïÜ‚ÑùùïÉùïåùïÄùïä ùî∏ùïåùïÉùî∏‚Ñù „Ç™„Éº„É´„Ç§„Çπ„Éª„Ç¢„É´„Éô„É´„Éà', 'id': '854333157713248256'}]",,,,
1418772554475577346,1418762007034093591,2021-07-23 23:18:31 Hora est√°ndar de Venezuela,2021-07-23,23:18:31,-0400,771747228,lmnunez_,Luis Miguel N√∫√±ez,,@argenisaguilar5 @WilDelgado23 @migbastida @jjsayago @aular_orluis Ese ciclismo de ruta est√° complicado.,es,[],[],[],1,0,1,[],[],https://twitter.com/lmnunez_/status/1418772554475577346,False,,0,,,,,,,,"[{'screen_name': 'argenisaguilar5', 'name': 'Argenis Aguilar', 'id': '333576795'}, {'screen_name': 'WilDelgado23', 'name': 'Wilder Delgado Su√°rez', 'id': '133859037'}, {'screen_name': 'migbastida', 'name': 'Miguel √Ångel Bastidas Campos', 'id': '95251535'}, {'screen_name': 'jjsayago', 'name': 'Juan Jos√© Sayago', 'id': '131214175'}, {'screen_name': 'aular_orluis', 'name': 'ùïÜ‚ÑùùïÉùïåùïÄùïä ùî∏ùïåùïÉùî∏‚Ñù „Ç™„Éº„É´„Ç§„Çπ„Éª„Ç¢„É´„Éô„É´„Éà', 'id': '854333157713248256'}]",,,,
